Date,T-BILL1Y,Value
04/01/2010,1.525642,1
05/01/2010,1.524224,0
06/01/2010,1.518552,0
07/01/2010,1.489484,0
08/01/2010,1.464666,0
11/01/2010,1.457575,0
12/01/2010,1.44481,0
13/01/2010,1.443392,0
14/01/2010,1.456157,1
15/01/2010,1.463012,1
18/01/2010,1.468921,1
19/01/2010,1.476248,1
20/01/2010,1.478848,1
21/01/2010,1.491611,1
22/01/2010,1.489484,0
25/01/2010,1.500403,1
26/01/2010,1.492793,0
27/01/2010,1.494447,1
28/01/2010,1.484521,0
29/01/2010,1.494447,1
01/02/2010,1.519261,1
02/02/2010,1.556831,1
03/02/2010,1.573842,1
04/02/2010,1.585748,1
05/02/2010,1.578803,0
08/02/2010,1.580929,1
09/02/2010,1.580929,1
10/02/2010,1.580929,1
11/02/2010,1.588016,1
12/02/2010,1.589433,1
15/02/2010,1.586598,0
16/02/2010,1.588725,1
17/02/2010,1.586598,0
18/02/2010,1.583764,0
19/02/2010,1.588725,1
22/02/2010,1.585181,0
23/02/2010,1.586598,1
24/02/2010,1.587071,1
25/02/2010,1.580456,0
26/02/2010,1.578803,0
02/03/2010,1.60526,1
03/03/2010,1.609275,1
04/03/2010,1.607858,0
05/03/2010,1.611874,1
08/03/2010,1.606441,0
09/03/2010,1.606441,1
10/03/2010,1.609275,1
11/03/2010,1.614944,1
12/03/2010,1.617779,1
15/03/2010,1.617779,1
16/03/2010,1.614944,0
17/03/2010,1.608567,0
18/03/2010,1.611874,1
19/03/2010,1.603606,0
22/03/2010,1.596992,0
23/03/2010,1.59652,0
24/03/2010,1.599355,1
25/03/2010,1.597654,0
26/03/2010,1.603606,1
29/03/2010,1.610693,1
30/03/2010,1.653205,1
31/03/2010,1.653205,1
01/04/2010,1.659817,1
02/04/2010,1.648954,0
05/04/2010,1.64612,0
07/04/2010,1.654858,1
08/04/2010,1.647254,0
09/04/2010,1.64527,0
12/04/2010,1.644939,0
16/04/2010,1.63195,0
19/04/2010,1.631714,0
20/04/2010,1.625101,0
21/04/2010,1.620613,0
22/04/2010,1.607858,0
23/04/2010,1.602189,0
26/04/2010,1.595103,0
27/04/2010,1.585417,0
28/04/2010,1.579795,0
29/04/2010,1.582346,1
30/04/2010,1.598646,1
04/05/2010,1.603606,1
06/05/2010,1.616834,1
07/05/2010,1.623447,1
10/05/2010,1.624864,1
11/05/2010,1.624864,1
12/05/2010,1.600299,0
13/05/2010,1.593685,0
14/05/2010,1.586598,0
17/05/2010,1.586598,1
18/05/2010,1.583764,0
19/05/2010,1.593685,1
24/05/2010,1.588016,0
25/05/2010,1.578803,0
26/05/2010,1.572188,0
27/05/2010,1.565573,0
31/05/2010,1.522806,0
01/06/2010,1.524224,1
02/06/2010,1.518269,0
03/06/2010,1.526209,1
04/06/2010,1.525878,0
07/06/2010,1.517135,0
08/06/2010,1.525878,1
09/06/2010,1.521388,0
10/06/2010,1.506028,0
11/06/2010,1.524224,1
14/06/2010,1.525642,1
15/06/2010,1.524224,0
16/06/2010,1.527059,1
17/06/2010,1.532494,1
18/06/2010,1.53911,1
21/06/2010,1.540764,1
22/06/2010,1.544072,1
23/06/2010,1.545726,1
24/06/2010,1.545726,1
25/06/2010,1.548042,1
28/06/2010,1.550688,1
29/06/2010,1.555981,1
30/06/2010,1.558958,1
02/07/2010,1.569707,1
05/07/2010,1.606913,1
06/07/2010,1.654858,1
07/07/2010,1.677999,1
08/07/2010,1.732537,1
09/07/2010,1.757322,1
12/07/2010,1.775496,1
13/07/2010,1.770539,0
14/07/2010,1.797963,1
15/07/2010,1.837321,1
16/07/2010,1.841568,1
19/07/2010,1.841568,1
20/07/2010,1.841568,1
21/07/2010,1.851477,1
22/07/2010,1.854308,1
23/07/2010,1.852893,0
27/07/2010,1.852893,1
28/07/2010,1.884032,1
29/07/2010,1.896769,1
30/07/2010,1.914223,1
02/08/2010,1.932147,1
03/08/2010,1.978836,1
04/08/2010,1.984494,1
05/08/2010,1.984494,1
06/08/2010,1.990153,1
09/08/2010,1.991567,1
10/08/2010,1.994396,1
11/08/2010,1.995811,1
16/08/2010,1.988502,0
17/08/2010,2.009956,1
18/08/2010,2.007127,0
19/08/2010,1.998404,0
20/08/2010,1.993453,0
23/08/2010,1.98025,0
24/08/2010,1.973177,0
25/08/2010,1.988502,1
26/08/2010,1.998404,1
27/08/2010,1.991803,0
30/08/2010,2.007127,1
31/08/2010,1.994396,0
01/09/2010,1.971998,0
02/09/2010,1.981665,1
03/09/2010,1.98025,0
06/09/2010,1.985909,1
07/09/2010,1.978836,0
08/09/2010,1.978836,1
09/09/2010,1.976006,0
10/09/2010,1.976006,1
13/09/2010,1.994396,1
14/09/2010,1.987324,0
15/09/2010,2.002883,1
16/09/2010,2.008541,1
17/09/2010,1.99864,0
20/09/2010,2.002883,1
21/09/2010,2.005712,1
22/09/2010,2.008541,1
23/09/2010,2.006655,0
24/09/2010,2.009956,1
27/09/2010,2.003355,0
28/09/2010,1.99864,0
29/09/2010,2.000054,1
30/09/2010,2.005005,1
01/10/2010,2.008541,1
04/10/2010,2.009956,1
05/10/2010,2.022685,1
06/10/2010,2.021271,0
07/10/2010,2.017028,0
08/10/2010,2.026928,1
11/10/2010,2.017028,0
12/10/2010,2.005995,0
13/10/2010,2.01137,1
14/10/2010,2.014199,1
15/10/2010,1.995811,0
18/10/2010,1.964689,0
19/10/2010,1.970348,1
20/10/2010,1.970348,1
21/10/2010,1.970348,1
22/10/2010,1.973177,1
26/10/2010,1.978836,1
27/10/2010,1.984494,1
28/10/2010,1.984494,1
29/10/2010,1.984494,1
01/11/2010,1.988738,1
02/11/2010,2.0241,1
03/11/2010,2.052856,1
04/11/2010,2.066525,1
05/11/2010,2.069353,1
08/11/2010,2.077837,1
09/11/2010,2.075009,0
10/11/2010,2.075952,1
11/11/2010,2.077837,1
12/11/2010,2.090798,1
15/11/2010,2.079251,0
16/11/2010,2.090798,1
17/11/2010,2.091128,1
18/11/2010,2.090563,0
19/11/2010,2.090563,1
22/11/2010,2.091976,1
23/11/2010,2.097396,1
24/11/2010,2.100695,1
25/11/2010,2.095747,0
26/11/2010,2.102015,1
29/11/2010,2.100695,0
30/11/2010,2.105643,1
01/12/2010,2.130713,1
02/12/2010,2.160066,1
03/12/2010,2.155119,0
07/12/2010,2.170289,1
08/12/2010,2.201286,1
09/12/2010,2.237552,1
13/12/2010,2.224836,0
14/12/2010,2.288644,1
15/12/2010,2.357845,1
16/12/2010,2.346313,0
17/12/2010,2.387259,1
20/12/2010,2.388671,1
21/12/2010,2.389142,1
22/12/2010,2.375965,0
23/12/2010,2.373988,0
24/12/2010,2.379259,1
27/12/2010,2.375965,0
28/12/2010,2.377941,1
29/12/2010,2.380906,1
30/12/2010,2.383024,1
04/01/2011,2.509345,1
05/01/2011,2.504406,0
06/01/2011,2.517575,1
07/01/2011,2.517575,1
10/01/2011,2.557077,1
11/01/2011,2.573533,1
12/01/2011,2.57847,1
13/01/2011,2.580116,1
14/01/2011,2.580586,1
17/01/2011,2.560838,0
18/01/2011,2.56366,1
19/01/2011,2.553785,0
20/01/2011,2.558017,1
21/01/2011,2.555196,0
24/01/2011,2.556606,1
25/01/2011,2.541089,0
26/01/2011,2.535681,0
27/01/2011,2.535446,0
28/01/2011,2.538973,1
31/01/2011,2.54391,1
01/02/2011,2.558722,1
02/02/2011,2.589989,1
03/02/2011,2.583407,0
04/02/2011,2.581996,0
07/02/2011,2.584817,1
08/02/2011,2.596571,1
09/02/2011,2.589049,0
10/02/2011,2.590459,1
11/02/2011,2.589049,0
14/02/2011,2.59328,1
15/02/2011,2.596101,1
16/02/2011,2.609075,1
17/02/2011,2.638689,1
21/02/2011,2.608793,0
22/02/2011,2.645457,1
23/02/2011,2.649687,1
24/02/2011,2.655327,1
25/02/2011,2.68047,1
28/02/2011,2.68047,1
01/03/2011,2.727222,1
02/03/2011,2.730041,1
03/03/2011,2.764335,1
04/03/2011,2.764335,1
07/03/2011,2.774199,1
08/03/2011,2.767623,0
09/03/2011,2.763865,0
10/03/2011,2.764335,1
11/03/2011,2.743289,0
14/03/2011,2.746249,1
15/03/2011,2.728632,0
16/03/2011,2.742961,1
17/03/2011,2.734739,0
18/03/2011,2.716651,0
21/03/2011,2.733095,1
22/03/2011,2.735397,1
23/03/2011,2.73286,0
24/03/2011,2.728632,0
25/03/2011,2.736384,1
28/03/2011,2.739672,1
29/03/2011,2.751182,1
30/03/2011,2.765979,1
31/03/2011,2.828114,1
01/04/2011,2.821634,0
04/04/2011,2.85178,1
05/04/2011,2.853752,1
07/04/2011,2.823512,0
08/04/2011,2.824452,1
11/04/2011,2.85178,1
12/04/2011,2.847836,0
18/04/2011,2.848165,1
19/04/2011,2.872814,1
20/04/2011,2.877744,1
21/04/2011,2.862485,0
22/04/2011,2.861077,0
25/04/2011,2.867885,1
26/04/2011,2.877979,1
27/04/2011,2.942755,1
28/04/2011,2.992028,1
29/04/2011,3.003289,1
03/05/2011,3.046919,1
04/05/2011,3.111923,1
06/05/2011,3.067604,0
09/05/2011,3.08069,1
10/05/2011,3.125709,1
11/05/2011,3.084911,0
12/05/2011,3.125709,1
13/05/2011,3.076469,0
18/05/2011,3.08069,1
19/05/2011,3.083504,1
20/05/2011,3.127351,1
23/05/2011,3.086318,0
24/05/2011,3.089132,1
25/05/2011,3.087725,0
26/05/2011,3.097808,1
27/05/2011,3.083035,0
30/05/2011,3.096166,1
31/05/2011,3.148684,1
01/06/2011,3.099449,0
02/06/2011,3.159186,1
03/06/2011,3.122896,0
06/06/2011,3.117269,0
07/06/2011,3.177751,1
08/06/2011,3.188064,1
09/06/2011,3.214313,1
10/06/2011,3.211032,0
13/06/2011,3.211032,1
14/06/2011,3.284606,1
15/06/2011,3.28894,1
16/06/2011,3.293039,1
17/06/2011,3.293039,1
20/06/2011,3.294445,1
21/06/2011,3.304517,1
22/06/2011,3.323959,1
23/06/2011,3.386487,1
24/06/2011,3.412711,1
27/06/2011,3.460232,1
28/06/2011,3.477084,1
29/06/2011,3.496275,1
30/06/2011,3.499552,1
04/07/2011,3.488318,0
05/07/2011,3.526228,1
06/07/2011,3.551966,1
07/07/2011,3.555241,1
08/07/2011,3.538864,0
11/07/2011,3.540268,1
12/07/2011,3.56343,1
13/07/2011,3.576765,1
14/07/2011,3.56343,0
18/07/2011,3.624482,1
19/07/2011,3.655352,1
20/07/2011,3.669849,1
21/07/2011,3.666576,0
22/07/2011,3.660028,0
25/07/2011,3.656755,0
26/07/2011,3.651142,0
27/07/2011,3.644127,0
28/07/2011,3.642022,0
29/07/2011,3.642724,1
01/08/2011,3.645296,1
02/08/2011,3.651142,1
03/08/2011,3.627288,0
04/08/2011,3.616062,0
05/08/2011,3.586028,0
08/08/2011,3.580975,0
09/08/2011,3.453678,0
10/08/2011,3.428771,0
11/08/2011,3.408262,0
15/08/2011,3.418095,1
16/08/2011,3.429333,1
17/08/2011,3.454614,1
18/08/2011,3.472871,1
19/08/2011,3.467254,0
22/08/2011,3.45321,0
23/08/2011,3.460232,1
24/08/2011,3.461636,1
25/08/2011,3.467254,1
26/08/2011,3.470063,1
29/08/2011,3.47568,1
30/08/2011,3.478254,1
31/08/2011,3.478254,1
01/09/2011,3.492999,1
02/09/2011,3.491361,0
05/09/2011,3.491361,1
06/09/2011,3.489722,0
07/09/2011,3.489722,1
08/09/2011,3.50236,1
09/09/2011,3.519209,1
12/09/2011,3.514997,0
13/09/2011,3.526228,1
14/09/2011,3.526228,1
15/09/2011,3.527632,1
16/09/2011,3.538864,1
19/09/2011,3.531844,0
20/09/2011,3.564132,1
21/09/2011,3.56343,0
22/09/2011,3.576203,1
23/09/2011,3.564132,0
26/09/2011,3.560482,0
27/09/2011,3.568343,1
28/09/2011,3.552902,0
29/09/2011,3.566705,1
30/09/2011,3.566705,1
03/10/2011,3.568343,1
04/10/2011,3.568343,1
05/10/2011,3.56343,0
06/10/2011,3.552902,0
07/10/2011,3.547053,0
10/10/2011,3.533248,0
11/10/2011,3.463041,0
12/10/2011,3.442208,0
13/10/2011,3.425821,0
14/10/2011,3.430737,1
17/10/2011,3.433546,1
18/10/2011,3.418095,0
19/10/2011,3.411072,0
20/10/2011,3.36471,0
21/10/2011,3.3619,0
25/10/2011,3.322554,0
26/10/2011,3.336607,1
27/10/2011,3.322554,0
28/10/2011,3.33403,1
31/10/2011,3.323959,0
01/11/2011,3.299364,0
02/11/2011,3.295147,0
03/11/2011,3.293742,0
04/11/2011,3.298778,1
07/11/2011,3.295147,0
08/11/2011,3.296961,1
09/11/2011,3.294149,0
10/11/2011,3.281517,0
11/11/2011,3.276875,0
14/11/2011,3.276875,1
15/11/2011,3.273782,0
16/11/2011,3.266753,0
17/11/2011,3.263914,0
18/11/2011,3.258291,0
21/11/2011,3.254073,0
22/11/2011,3.239377,0
23/11/2011,3.232841,0
24/11/2011,3.228624,0
25/11/2011,3.225812,0
28/11/2011,3.228442,1
29/11/2011,3.219526,0
30/11/2011,3.201481,0
01/12/2011,3.177182,0
02/12/2011,3.158061,0
06/12/2011,3.114033,0
07/12/2011,3.115117,1
08/12/2011,3.113351,0
09/12/2011,3.102455,0
13/12/2011,3.087725,0
14/12/2011,3.085051,0
15/12/2011,3.086458,1
16/12/2011,3.085051,0
19/12/2011,3.085051,1
20/12/2011,3.083644,0
21/12/2011,3.085051,1
22/12/2011,3.090539,1
23/12/2011,3.093353,1
26/12/2011,3.093353,1
27/12/2011,3.091946,0
28/12/2011,3.091242,0
29/12/2011,3.092227,1
30/12/2011,3.097573,1
04/01/2012,3.094759,0
05/01/2012,3.082097,0
06/01/2012,3.072247,0
09/01/2012,3.071544,0
10/01/2012,3.062749,0
11/01/2012,3.061342,0
12/01/2012,3.069785,1
13/01/2012,3.069433,0
16/01/2012,3.073655,1
17/01/2012,3.073655,1
18/01/2012,3.068026,0
19/01/2012,3.068026,1
20/01/2012,3.068026,1
23/01/2012,3.065212,0
24/01/2012,3.056769,0
25/01/2012,3.046919,0
26/01/2012,3.044104,0
27/01/2012,3.042697,0
30/01/2012,3.039882,0
31/01/2012,3.040351,1
01/02/2012,3.037068,0
02/02/2012,3.037068,1
03/02/2012,3.03566,0
06/02/2012,3.034253,0
07/02/2012,3.044104,1
08/02/2012,3.041289,0
09/02/2012,3.039882,0
10/02/2012,3.042697,1
13/02/2012,3.049733,1
14/02/2012,3.052547,1
15/02/2012,3.052829,1
16/02/2012,3.056769,1
17/02/2012,3.056769,1
20/02/2012,3.056065,0
21/02/2012,3.056065,1
22/02/2012,3.052665,0
23/02/2012,3.061694,1
24/02/2012,3.063805,1
27/02/2012,3.063805,1
28/02/2012,3.066619,1
29/02/2012,3.082097,1
01/03/2012,3.084911,1
02/03/2012,3.090539,1
05/03/2012,3.104608,1
06/03/2012,3.100387,0
08/03/2012,3.113049,1
09/03/2012,3.108828,0
12/03/2012,3.113049,1
13/03/2012,3.117503,1
14/03/2012,3.110235,0
15/03/2012,3.113049,1
16/03/2012,3.111642,0
19/03/2012,3.110235,0
20/03/2012,3.110235,1
21/03/2012,3.113049,1
22/03/2012,3.113049,1
23/03/2012,3.113049,1
26/03/2012,3.113049,1
27/03/2012,3.113049,1
28/03/2012,3.113049,1
29/03/2012,3.125709,1
30/03/2012,3.125709,1
02/04/2012,3.128523,1
03/04/2012,3.128523,1
04/04/2012,3.129226,1
05/04/2012,3.132039,1
10/04/2012,3.132743,1
11/04/2012,3.134149,1
12/04/2012,3.136963,1
17/04/2012,3.136963,1
18/04/2012,3.141183,1
19/04/2012,3.142589,1
20/04/2012,3.142589,1
23/04/2012,3.142589,1
24/04/2012,3.158061,1
25/04/2012,3.159468,1
26/04/2012,3.170719,1
27/04/2012,3.169313,0
30/04/2012,3.212907,1
02/05/2012,3.20447,0
03/05/2012,3.19322,0
04/05/2012,3.190408,0
08/05/2012,3.183376,0
09/05/2012,3.184783,1
10/05/2012,3.184783,1
11/05/2012,3.180564,0
14/05/2012,3.159468,0
15/05/2012,3.153607,0
16/05/2012,3.152435,0
17/05/2012,3.151029,0
18/05/2012,3.149622,0
21/05/2012,3.151029,1
22/05/2012,3.152435,1
23/05/2012,3.156655,1
24/05/2012,3.156655,1
25/05/2012,3.163687,1
28/05/2012,3.1665,1
29/05/2012,3.170016,1
30/05/2012,3.167906,0
31/05/2012,3.160874,0
01/06/2012,3.150325,0
05/06/2012,3.152435,1
06/06/2012,3.151029,0
07/06/2012,3.145402,0
08/06/2012,3.146809,1
11/06/2012,3.146809,1
12/06/2012,3.146809,1
13/06/2012,3.145402,0
14/06/2012,3.145402,1
15/06/2012,3.145402,1
18/06/2012,3.141183,0
19/06/2012,3.141183,1
20/06/2012,3.141183,1
21/06/2012,3.145402,1
22/06/2012,3.143996,0
25/06/2012,3.143996,1
26/06/2012,3.143996,1
27/06/2012,3.143996,1
28/06/2012,3.143996,1
29/06/2012,3.143996,1
02/07/2012,3.146809,1
03/07/2012,3.146809,1
04/07/2012,3.152435,1
05/07/2012,3.156655,1
06/07/2012,3.159468,1
09/07/2012,3.162281,1
10/07/2012,3.162984,1
11/07/2012,3.16439,1
12/07/2012,3.161577,0
13/07/2012,3.161577,1
16/07/2012,3.146106,0
17/07/2012,3.129226,0
18/07/2012,3.101794,0
19/07/2012,3.100387,0
20/07/2012,3.091946,0
23/07/2012,3.055362,0
24/07/2012,3.041289,0
25/07/2012,3.03566,0
26/07/2012,3.031438,0
27/07/2012,3.030031,0
30/07/2012,3.020179,0
31/07/2012,3.010327,0
01/08/2012,3.008919,0
03/08/2012,3.003289,0
06/08/2012,3.001882,0
07/08/2012,2.986398,0
08/08/2012,2.98499,0
09/08/2012,2.98499,1
10/08/2012,2.982175,0
14/08/2012,2.98499,1
15/08/2012,2.980767,0
16/08/2012,2.989213,1
17/08/2012,2.986398,0
20/08/2012,2.992028,1
21/08/2012,3.006104,1
22/08/2012,3.008919,1
23/08/2012,3.009154,1
24/08/2012,3.006104,0
27/08/2012,3.001882,0
28/08/2012,3.003289,1
29/08/2012,3.000943,0
30/08/2012,3.003289,1
31/08/2012,3.003289,1
03/09/2012,3.000474,0
04/09/2012,3.003289,1
05/09/2012,3.003289,1
06/09/2012,3.004697,1
07/09/2012,3.004697,1
10/09/2012,3.004227,0
11/09/2012,3.013142,1
12/09/2012,3.018772,1
13/09/2012,3.014549,0
14/09/2012,3.011734,0
17/09/2012,3.018772,1
18/09/2012,3.021586,1
19/09/2012,3.020179,0
20/09/2012,3.020179,1
21/09/2012,3.018772,0
24/09/2012,3.018772,1
25/09/2012,3.024401,1
26/09/2012,3.020179,0
27/09/2012,3.020179,1
28/09/2012,3.021586,1
01/10/2012,3.037068,1
02/10/2012,3.061147,1
03/10/2012,3.057665,0
04/10/2012,3.056769,0
05/10/2012,3.055874,0
08/10/2012,3.054799,0
09/10/2012,3.05453,0
10/10/2012,3.054978,1
11/10/2012,3.055874,1
12/10/2012,3.059455,1
15/10/2012,3.05856,0
16/10/2012,3.06841,1
17/10/2012,2.864598,0
18/10/2012,2.845326,0
19/10/2012,2.839051,0
22/10/2012,2.845864,1
24/10/2012,2.843533,0
25/10/2012,2.851153,1
26/10/2012,2.851601,1
29/10/2012,2.848912,0
30/10/2012,2.799604,0
31/10/2012,2.795121,0
01/11/2012,2.787948,0
02/11/2012,2.777188,0
05/11/2012,2.765979,0
06/11/2012,2.746697,0
07/11/2012,2.734141,0
08/11/2012,2.733244,0
09/11/2012,2.737729,1
12/11/2012,2.744007,1
13/11/2012,2.74311,0
14/11/2012,2.743559,1
15/11/2012,2.741765,0
16/11/2012,2.739971,0
19/11/2012,2.739074,0
20/11/2012,2.732796,0
21/11/2012,2.733244,1
22/11/2012,2.733244,1
23/11/2012,2.731451,0
26/11/2012,2.735038,1
27/11/2012,2.731451,0
28/11/2012,2.732348,1
29/11/2012,2.74033,1
30/11/2012,2.745801,1
03/12/2012,2.758356,1
04/12/2012,2.759074,1
06/12/2012,2.757459,0
07/12/2012,2.758356,1
11/12/2012,2.761046,1
12/12/2012,2.761046,1
13/12/2012,2.761943,1
14/12/2012,2.761943,1
17/12/2012,2.761943,1
18/12/2012,2.762033,1
19/12/2012,2.764634,1
20/12/2012,2.764634,1
21/12/2012,2.764634,1
24/12/2012,2.763737,0
25/12/2012,2.764992,1
26/12/2012,2.764634,0
27/12/2012,2.76284,0
28/12/2012,2.761943,0
02/01/2013,2.761943,1
03/01/2013,2.758356,0
04/01/2013,2.757101,0
07/01/2013,2.758356,1
08/01/2013,2.76553,1
09/01/2013,2.763737,0
10/01/2013,2.764634,1
11/01/2013,2.766427,1
14/01/2013,2.770014,1
15/01/2013,2.772704,1
16/01/2013,2.768221,0
17/01/2013,2.767324,0
18/01/2013,2.772704,1
21/01/2013,2.770911,0
22/01/2013,2.770014,0
23/01/2013,2.767324,0
24/01/2013,2.767324,1
25/01/2013,2.769117,1
28/01/2013,2.769117,1
29/01/2013,2.775394,1
30/01/2013,2.776291,1
31/01/2013,2.774498,0
01/02/2013,2.774498,1
04/02/2013,2.76284,0
05/02/2013,2.730105,0
06/02/2013,2.730105,1
07/02/2013,2.714409,0
08/02/2013,2.683909,0
11/02/2013,2.674937,0
12/02/2013,2.697365,1
13/02/2013,2.698262,1
14/02/2013,2.698262,1
15/02/2013,2.696468,0
18/02/2013,2.691983,0
19/02/2013,2.693777,1
20/02/2013,2.700953,1
21/02/2013,2.707233,1
22/02/2013,2.709027,1
26/02/2013,2.720687,1
27/02/2013,2.726966,1
28/02/2013,2.726966,1
01/03/2013,2.727863,1
04/03/2013,2.733244,1
05/03/2013,2.733244,1
06/03/2013,2.735038,1
07/03/2013,2.735038,1
08/03/2013,2.735038,1
11/03/2013,2.73728,1
12/03/2013,2.735935,0
13/03/2013,2.742303,1
14/03/2013,2.743559,1
15/03/2013,2.744455,1
18/03/2013,2.744455,1
19/03/2013,2.745756,1
20/03/2013,2.746249,1
21/03/2013,2.741765,0
22/03/2013,2.736877,0
25/03/2013,2.735487,0
26/03/2013,2.732796,0
27/03/2013,2.730464,0
28/03/2013,2.733693,1
29/03/2013,2.735487,1
01/04/2013,2.741316,1
02/04/2013,2.74042,0
03/04/2013,2.740868,1
04/04/2013,2.741765,1
05/04/2013,2.741316,0
09/04/2013,2.743379,1
10/04/2013,2.744455,1
11/04/2013,2.744455,1
12/04/2013,2.743783,0
17/04/2013,2.744455,1
18/04/2013,2.744455,1
19/04/2013,2.744455,1
22/04/2013,2.744769,1
23/04/2013,2.742213,0
24/04/2013,2.742213,1
25/04/2013,2.743289,1
26/04/2013,2.742213,0
29/04/2013,2.718624,0
30/04/2013,2.690996,0
02/05/2013,2.649546,0
03/05/2013,2.630075,0
07/05/2013,2.588792,0
08/05/2013,2.592382,1
09/05/2013,2.588792,0
10/05/2013,2.573533,0
13/05/2013,2.579817,1
14/05/2013,2.613024,1
15/05/2013,2.613024,1
16/05/2013,2.612037,0
17/05/2013,2.613024,1
20/05/2013,2.60405,0
21/05/2013,2.576496,0
22/05/2013,2.584304,1
23/05/2013,2.602255,1
27/05/2013,2.601357,0
28/05/2013,2.60764,1
29/05/2013,2.595254,0
30/05/2013,2.587895,0
31/05/2013,2.58969,1
03/06/2013,2.587895,0
04/06/2013,2.568597,0
05/06/2013,2.566352,0
06/06/2013,2.561864,0
07/06/2013,2.562672,1
10/06/2013,2.571738,1
11/06/2013,2.581432,1
12/06/2013,2.578021,0
13/06/2013,2.570841,0
14/06/2013,2.564108,0
17/06/2013,2.573533,1
18/06/2013,2.568148,0
19/06/2013,2.565455,0
20/06/2013,2.569943,1
21/06/2013,2.570571,1
24/06/2013,2.573533,1
25/06/2013,2.565455,0
26/06/2013,2.565455,1
27/06/2013,2.56725,1
28/06/2013,2.56725,1
02/07/2013,2.57304,1
03/07/2013,2.573533,1
04/07/2013,2.571738,0
05/07/2013,2.570841,0
08/07/2013,2.572636,1
09/07/2013,2.568597,0
10/07/2013,2.564557,0
11/07/2013,2.564557,1
12/07/2013,2.565455,1
15/07/2013,2.565455,1
16/07/2013,2.560967,0
17/07/2013,2.560069,0
18/07/2013,2.560069,1
19/07/2013,2.561864,1
23/07/2013,2.558274,0
24/07/2013,2.56366,1
25/07/2013,2.562672,0
26/07/2013,2.558274,0
29/07/2013,2.559171,1
30/07/2013,2.550194,0
31/07/2013,2.546604,0
01/08/2013,2.540948,0
02/08/2013,2.537626,0
05/08/2013,2.535831,0
06/08/2013,2.524159,0
07/08/2013,2.523261,0
08/08/2013,2.518772,0
09/08/2013,2.518772,1
13/08/2013,2.51967,1
14/08/2013,2.520568,1
15/08/2013,2.51967,0
16/08/2013,2.520209,1
19/08/2013,2.516079,0
20/08/2013,2.516079,1
21/08/2013,2.517425,1
22/08/2013,2.530743,1
23/08/2013,2.528648,0
26/08/2013,2.529546,1
27/08/2013,2.547501,1
28/08/2013,2.553785,1
29/08/2013,2.570841,1
30/08/2013,2.56366,0
02/09/2013,2.557735,0
03/09/2013,2.567609,1
04/09/2013,2.577483,1
05/09/2013,2.57847,1
06/09/2013,2.576496,0
09/09/2013,2.581432,1
10/09/2013,2.601178,1
11/09/2013,2.60754,1
12/09/2013,2.608088,1
13/09/2013,2.612037,1
16/09/2013,2.609075,0
17/09/2013,2.609075,1
18/09/2013,2.609075,1
19/09/2013,2.603152,0
20/09/2013,2.596242,0
23/09/2013,2.601178,1
24/09/2013,2.597229,0
25/09/2013,2.602165,1
26/09/2013,2.599203,0
27/09/2013,2.604139,1
30/09/2013,2.607101,1
01/10/2013,2.604139,0
02/10/2013,2.60046,0
03/10/2013,2.606742,1
04/10/2013,2.609434,1
07/10/2013,2.605845,0
08/10/2013,2.609734,1
09/10/2013,2.61083,1
10/10/2013,2.61179,1
11/10/2013,2.606854,0
14/10/2013,2.608637,1
15/10/2013,2.600684,0
16/10/2013,2.603152,1
17/10/2013,2.604386,1
18/10/2013,2.596101,0
21/10/2013,2.600332,1
22/10/2013,2.603152,1
24/10/2013,2.602535,0
25/10/2013,2.598833,0
28/10/2013,2.595748,0
29/10/2013,2.594514,0
30/10/2013,2.59328,0
31/10/2013,2.593897,1
01/11/2013,2.593897,1
04/11/2013,2.594514,1
05/11/2013,2.598216,1
06/11/2013,2.598216,1
07/11/2013,2.598216,1
08/11/2013,2.598216,1
11/11/2013,2.605003,1
12/11/2013,2.60562,1
13/11/2013,2.606443,1
14/11/2013,2.603152,0
15/11/2013,2.601918,0
18/11/2013,2.603152,1
19/11/2013,2.604563,1
20/11/2013,2.603152,0
21/11/2013,2.603152,1
22/11/2013,2.603152,1
25/11/2013,2.603152,1
26/11/2013,2.604386,1
27/11/2013,2.375965,0
28/11/2013,2.371729,0
29/11/2013,2.371729,1
02/12/2013,2.371023,0
03/12/2013,2.375347,1
04/12/2013,2.375965,1
06/12/2013,2.375965,1
09/12/2013,2.379671,1
11/12/2013,2.382142,1
12/12/2013,2.382142,1
13/12/2013,2.380906,0
16/12/2013,2.380906,1
17/12/2013,2.380906,1
18/12/2013,2.382142,1
19/12/2013,2.380906,0
20/12/2013,2.375965,0
23/12/2013,2.373141,0
24/12/2013,2.368552,0
25/12/2013,2.368552,1
26/12/2013,2.364846,0
27/12/2013,2.356197,0
02/01/2014,2.317892,0
03/01/2014,2.308006,0
06/01/2014,2.294721,0
07/01/2014,2.254859,0
08/01/2014,2.254859,1
09/01/2014,2.254859,1
10/01/2014,2.253932,0
13/01/2014,2.254462,1
14/01/2014,2.252188,0
15/01/2014,2.248863,0
16/01/2014,2.245225,0
17/01/2014,2.243861,0
20/01/2014,2.241943,0
21/01/2014,2.239747,0
22/01/2014,2.242358,1
23/01/2014,2.24988,1
24/01/2014,2.252369,1
27/01/2014,2.257943,1
28/01/2014,2.260728,1
29/01/2014,2.259493,0
30/01/2014,2.25967,1
31/01/2014,2.259715,1
03/02/2014,2.261613,1
04/02/2014,2.257,0
05/02/2014,2.254693,0
06/02/2014,2.25354,0
07/02/2014,2.252963,0
10/02/2014,2.252675,0
11/02/2014,2.250058,0
12/02/2014,2.248132,0
13/02/2014,2.246173,0
17/02/2014,2.241704,0
18/02/2014,2.242101,1
19/02/2014,2.242299,1
20/02/2014,2.243147,1
21/02/2014,2.24035,0
24/02/2014,2.243546,1
25/02/2014,2.243508,0
26/02/2014,2.242258,0
27/02/2014,2.241722,0
28/02/2014,2.241589,0
03/03/2014,2.235357,0
04/03/2014,2.200461,0
05/03/2014,2.190879,0
06/03/2014,2.186319,0
07/03/2014,2.175286,0
10/03/2014,2.171291,0
11/03/2014,2.174003,1
12/03/2014,2.132444,0
13/03/2014,2.12595,0
14/03/2014,2.103994,0
17/03/2014,2.096571,0
18/03/2014,2.094716,0
19/03/2014,2.093711,0
20/03/2014,2.093931,1
21/03/2014,2.093416,0
24/03/2014,2.093757,1
25/03/2014,2.093351,0
26/03/2014,2.097419,1
27/03/2014,2.09658,0
28/03/2014,2.096265,0
31/03/2014,2.094292,0
01/04/2014,2.092315,0
02/04/2014,2.091573,0
03/04/2014,2.088857,0
04/04/2014,2.089052,1
08/04/2014,2.090216,1
09/04/2014,2.090604,1
10/04/2014,2.08815,0
11/04/2014,2.087716,0
16/04/2014,2.088512,1
17/04/2014,2.085708,0
18/04/2014,2.087779,1
21/04/2014,2.084293,0
22/04/2014,2.083131,0
23/04/2014,2.079445,0
24/04/2014,2.074917,0
25/04/2014,2.06131,0
28/04/2014,2.055468,0
29/04/2014,2.055983,1
30/04/2014,2.056812,1
02/05/2014,2.055439,0
06/05/2014,2.053881,0
07/05/2014,2.054462,1
08/05/2014,2.054486,1
09/05/2014,2.055042,1
12/05/2014,2.057494,1
14/05/2014,2.057266,0
15/05/2014,2.056282,0
16/05/2014,2.055845,0
19/05/2014,2.055651,0
20/05/2014,2.054887,0
21/05/2014,2.055225,1
22/05/2014,2.055375,1
23/05/2014,2.055442,1
26/05/2014,2.056572,1
27/05/2014,2.061209,1
28/05/2014,2.063534,1
29/05/2014,2.064567,1
30/05/2014,2.063359,0
02/06/2014,2.06394,1
03/06/2014,2.066449,1
04/06/2014,2.068063,1
05/06/2014,2.069879,1
06/06/2014,2.071787,1
09/06/2014,2.073734,1
10/06/2014,2.075213,1
11/06/2014,2.075257,1
12/06/2014,2.075276,1
13/06/2014,2.075285,1
16/06/2014,2.075398,1
17/06/2014,2.075889,1
18/06/2014,2.076107,1
19/06/2014,2.076204,1
20/06/2014,2.078997,1
23/06/2014,2.097918,1
24/06/2014,2.104042,1
25/06/2014,2.106764,1
26/06/2014,2.107974,1
27/06/2014,2.109611,1
30/06/2014,2.126758,1
02/07/2014,2.135551,1
03/07/2014,2.142758,1
04/07/2014,2.144861,1
07/07/2014,2.143597,0
08/07/2014,2.142486,0
09/07/2014,2.139365,0
10/07/2014,2.136757,0
14/07/2014,2.133607,0
15/07/2014,2.130358,0
16/07/2014,2.128176,0
17/07/2014,2.126287,0
18/07/2014,2.123798,0
21/07/2014,2.123241,0
22/07/2014,2.113709,0
23/07/2014,2.106662,0
24/07/2014,2.102431,0
25/07/2014,2.10055,0
28/07/2014,2.101913,1
29/07/2014,2.104719,1
30/07/2014,2.108164,1
31/07/2014,2.10741,0
01/08/2014,2.106991,0
04/08/2014,2.107858,1
05/08/2014,2.10834,1
06/08/2014,2.109774,1
07/08/2014,2.110252,1
08/08/2014,2.109524,0
13/08/2014,2.1103,1
14/08/2014,2.110645,1
15/08/2014,2.110799,1
18/08/2014,2.110867,1
19/08/2014,2.111141,1
20/08/2014,2.109919,0
21/08/2014,2.109268,0
22/08/2014,2.109087,0
25/08/2014,2.109006,0
26/08/2014,2.11007,1
27/08/2014,2.109443,0
28/08/2014,2.109165,0
29/08/2014,2.109041,0
01/09/2014,2.110086,1
02/09/2014,2.111988,1
03/09/2014,2.111395,0
04/09/2014,2.110032,0
05/09/2014,2.109427,0
08/09/2014,2.108058,0
09/09/2014,2.108647,1
10/09/2014,2.108811,1
11/09/2014,2.108884,1
12/09/2014,2.112221,1
15/09/2014,2.112599,1
16/09/2014,2.111667,0
17/09/2014,2.110153,0
18/09/2014,2.10948,0
19/09/2014,2.109181,0
22/09/2014,2.107896,0
23/09/2014,2.106944,0
24/09/2014,2.106954,1
25/09/2014,2.106959,1
26/09/2014,2.106961,1
29/09/2014,2.106714,0
30/09/2014,2.106852,1
01/10/2014,2.106127,0
02/10/2014,2.106904,1
03/10/2014,2.107137,1
06/10/2014,2.106241,0
07/10/2014,2.105882,0
08/10/2014,2.105739,0
09/10/2014,2.105187,0
10/10/2014,2.105623,1
13/10/2014,2.105755,1
14/10/2014,2.105807,1
15/10/2014,2.105828,1
16/10/2014,2.106512,1
17/10/2014,2.105372,0
20/10/2014,2.104284,0
21/10/2014,2.105937,1
22/10/2014,2.105385,0
24/10/2014,2.106154,1
27/10/2014,2.106462,1
28/10/2014,2.109554,1
29/10/2014,2.11178,1
30/10/2014,2.112671,1
31/10/2014,2.112532,0
03/11/2014,2.110003,0
04/11/2014,2.106905,0
05/11/2014,2.098845,0
06/11/2014,2.097439,0
07/11/2014,2.096048,0
10/11/2014,2.096481,1
11/11/2014,2.094061,0
12/11/2014,2.090124,0
13/11/2014,2.08756,0
14/11/2014,2.087523,0
17/11/2014,2.086583,0
18/11/2014,2.081451,0
19/11/2014,2.077931,0
20/11/2014,2.074896,0
21/11/2014,2.072006,0
24/11/2014,2.055036,0
25/11/2014,2.035361,0
26/11/2014,2.030084,0
27/11/2014,2.022925,0
28/11/2014,2.020094,0
01/12/2014,2.010027,0
02/12/2014,2.002829,0
03/12/2014,1.997421,0
04/12/2014,1.995799,0
08/12/2014,1.993827,0
09/12/2014,1.992613,0
11/12/2014,1.991881,0
12/12/2014,1.994805,1
15/12/2014,1.993024,0
16/12/2014,1.992489,0
17/12/2014,1.997227,1
18/12/2014,1.999332,1
19/12/2014,2.006967,1
22/12/2014,2.013912,1
23/12/2014,2.023221,1
24/12/2014,2.036053,1
25/12/2014,2.039205,1
26/12/2014,2.039476,1
29/12/2014,2.042916,1
30/12/2014,2.041951,0
05/01/2015,2.030711,0
06/01/2015,2.002625,0
07/01/2015,1.988429,0
08/01/2015,1.983694,0
09/01/2015,1.982618,0
12/01/2015,1.979217,0
13/01/2015,1.973999,0
14/01/2015,1.971808,0
15/01/2015,1.970932,0
16/01/2015,1.97262,1
19/01/2015,1.975218,1
20/01/2015,1.97426,0
21/01/2015,1.974276,1
22/01/2015,1.974284,1
23/01/2015,1.972409,0
26/01/2015,1.971866,0
27/01/2015,1.969753,0
28/01/2015,1.985083,1
29/01/2015,1.990105,1
30/01/2015,1.992114,1
02/02/2015,1.993114,1
03/02/2015,1.992624,0
04/02/2015,1.992576,0
05/02/2015,1.993543,1
06/02/2015,1.993687,1
09/02/2015,1.995088,1
10/02/2015,1.998563,1
11/02/2015,1.999605,1
12/02/2015,2.000325,1
13/02/2015,2.001108,1
16/02/2015,2.003552,1
17/02/2015,2.001803,0
18/02/2015,2.001919,1
19/02/2015,2.001977,1
20/02/2015,2.001016,0
23/02/2015,2.000535,0
24/02/2015,2.000295,0
25/02/2015,2.000175,0
26/02/2015,1.997132,0
27/02/2015,1.992944,0
02/03/2015,1.972175,0
03/03/2015,1.966935,0
05/03/2015,1.956764,0
06/03/2015,1.954757,0
09/03/2015,1.958939,1
10/03/2015,1.961338,1
11/03/2015,1.834632,0
12/03/2015,1.783095,0
13/03/2015,1.781311,0
16/03/2015,1.781053,0
17/03/2015,1.781841,1
18/03/2015,1.781916,1
19/03/2015,1.780823,0
20/03/2015,1.779621,0
23/03/2015,1.779467,0
24/03/2015,1.779398,0
25/03/2015,1.779212,0
26/03/2015,1.776201,0
27/03/2015,1.771243,0
30/03/2015,1.771243,1
31/03/2015,1.769756,0
01/04/2015,1.76585,0
02/04/2015,1.765598,0
03/04/2015,1.765573,0
07/04/2015,1.75764,0
08/04/2015,1.758829,1
09/04/2015,1.755397,0
10/04/2015,1.750989,0
16/04/2015,1.745949,0
17/04/2015,1.740984,0
20/04/2015,1.73721,0
21/04/2015,1.730554,0
22/04/2015,1.728373,0
23/04/2015,1.728155,0
24/04/2015,1.725216,0
27/04/2015,1.720922,0
28/04/2015,1.722282,1
29/04/2015,1.580787,0
30/04/2015,1.531171,0
06/05/2015,1.52687,0
07/05/2015,1.52812,1
08/05/2015,1.526385,0
11/05/2015,1.527247,1
12/05/2015,1.526425,0
13/05/2015,1.526396,0
14/05/2015,1.524185,0
15/05/2015,1.522751,0
18/05/2015,1.522014,0
19/05/2015,1.516904,0
20/05/2015,1.513592,0
21/05/2015,1.510117,0
22/05/2015,1.502341,0
25/05/2015,1.495823,0
26/05/2015,1.489622,0
27/05/2015,1.485031,0
28/05/2015,1.481645,0
29/05/2015,1.48068,0
02/06/2015,1.463098,0
03/06/2015,1.475142,1
04/06/2015,1.4836,1
05/06/2015,1.486583,1
08/06/2015,1.486973,1
09/06/2015,1.487012,1
10/06/2015,1.488109,1
11/06/2015,1.489789,1
12/06/2015,1.489965,1
15/06/2015,1.491028,1
16/06/2015,1.491689,1
17/06/2015,1.492517,1
18/06/2015,1.492958,1
19/06/2015,1.493091,1
22/06/2015,1.492023,0
23/06/2015,1.490729,0
24/06/2015,1.49047,0
25/06/2015,1.490237,0
26/06/2015,1.492129,1
29/06/2015,1.492697,1
30/06/2015,1.493113,1
02/07/2015,1.494047,1
03/07/2015,1.494287,1
06/07/2015,1.494399,1
07/07/2015,1.492443,0
08/07/2015,1.489675,0
09/07/2015,1.480903,0
10/07/2015,1.47414,0
13/07/2015,1.468576,0
14/07/2015,1.458995,0
15/07/2015,1.45903,1
16/07/2015,1.458966,0
17/07/2015,1.458953,0
20/07/2015,1.458876,0
21/07/2015,1.456536,0
22/07/2015,1.454813,0
23/07/2015,1.459612,1
24/07/2015,1.458586,0
27/07/2015,1.454906,0
28/07/2015,1.451777,0
29/07/2015,1.45216,1
31/07/2015,1.454575,1
03/08/2015,1.451727,0
04/08/2015,1.444208,0
05/08/2015,1.448661,1
06/08/2015,1.451537,1
07/08/2015,1.45112,0
10/08/2015,1.454056,1
11/08/2015,1.454587,1
13/08/2015,1.455648,1
14/08/2015,1.453927,0
17/08/2015,1.452591,0
18/08/2015,1.45133,0
19/08/2015,1.450085,0
20/08/2015,1.449371,0
21/08/2015,1.452207,1
24/08/2015,1.458731,1
25/08/2015,1.465368,1
26/08/2015,1.467855,1
27/08/2015,1.470338,1
28/08/2015,1.47555,1
31/08/2015,1.476866,1
01/09/2015,1.480614,1
02/09/2015,1.480596,0
03/09/2015,1.480365,0
04/09/2015,1.480955,1
07/09/2015,1.482815,1
08/09/2015,1.492943,1
09/09/2015,1.495981,1
10/09/2015,1.496589,1
11/09/2015,1.497367,1
14/09/2015,1.496316,0
15/09/2015,1.498288,1
16/09/2015,1.499161,1
17/09/2015,1.498864,0
18/09/2015,1.499247,1
21/09/2015,1.499841,1
22/09/2015,1.503014,1
23/09/2015,1.503965,1
24/09/2015,1.50534,1
25/09/2015,1.508634,1
28/09/2015,1.509788,1
29/09/2015,1.514399,1
30/09/2015,1.513833,0
01/10/2015,1.513166,0
02/10/2015,1.51247,0
05/10/2015,1.510094,0
06/10/2015,1.508129,0
07/10/2015,1.504507,0
08/10/2015,1.501945,0
09/10/2015,1.481057,0
12/10/2015,1.483978,1
13/10/2015,1.481788,0
14/10/2015,1.479036,0
15/10/2015,1.479107,1
16/10/2015,1.479121,1
19/10/2015,1.480914,1
20/10/2015,1.486236,1
21/10/2015,1.487609,1
22/10/2015,1.488568,1
26/10/2015,1.490698,1
27/10/2015,1.490755,1
28/10/2015,1.492128,1
29/10/2015,1.493932,1
30/10/2015,1.495083,1
02/11/2015,1.494531,0
03/11/2015,1.494413,0
04/11/2015,1.494437,1
05/11/2015,1.495434,1
06/11/2015,1.495736,1
09/11/2015,1.496819,1
10/11/2015,1.497144,1
11/11/2015,1.497209,1
12/11/2015,1.497261,1
13/11/2015,1.49656,0
16/11/2015,1.496144,0
17/11/2015,1.498542,1
18/11/2015,1.49915,1
19/11/2015,1.499875,1
20/11/2015,1.500117,1
23/11/2015,1.499622,0
24/11/2015,1.499474,0
25/11/2015,1.49597,0
26/11/2015,1.496262,1
27/11/2015,1.494992,0
30/11/2015,1.496723,1
01/12/2015,1.498604,1
02/12/2015,1.49898,1
03/12/2015,1.499273,1
04/12/2015,1.501481,1
08/12/2015,1.502829,1
09/12/2015,1.503259,1
11/12/2015,1.502507,0
14/12/2015,1.502357,0
15/12/2015,1.503566,1
16/12/2015,1.504171,1
17/12/2015,1.506298,1
18/12/2015,1.50722,1
21/12/2015,1.50493,0
22/12/2015,1.504044,0
23/12/2015,1.503602,0
24/12/2015,1.502057,0
25/12/2015,1.501494,0
28/12/2015,1.499638,0
29/12/2015,1.49799,0
30/12/2015,1.496503,0
04/01/2016,1.494589,0
05/01/2016,1.497585,1
06/01/2016,1.49506,0
07/01/2016,1.4946,0
08/01/2016,1.494469,0
11/01/2016,1.495282,1
12/01/2016,1.492795,0
13/01/2016,1.491328,0
14/01/2016,1.483771,0
15/01/2016,1.47118,0
18/01/2016,1.462075,0
19/01/2016,1.475187,1
20/01/2016,1.474122,0
21/01/2016,1.467935,0
22/01/2016,1.464182,0
25/01/2016,1.46084,0
26/01/2016,1.461352,1
27/01/2016,1.459607,0
28/01/2016,1.456129,0
29/01/2016,1.455079,0
01/02/2016,1.452341,0
02/02/2016,1.452029,0
03/02/2016,1.448575,0
04/02/2016,1.446927,0
05/02/2016,1.445141,0
08/02/2016,1.444851,0
09/02/2016,1.44481,0
10/02/2016,1.437718,0
11/02/2016,1.413015,0
12/02/2016,1.414022,1
15/02/2016,1.416013,1
16/02/2016,1.425324,1
17/02/2016,1.431251,1
18/02/2016,1.431354,1
19/02/2016,1.436143,1
23/02/2016,1.440432,1
24/02/2016,1.442992,1
25/02/2016,1.444507,1
26/02/2016,1.44481,1
29/02/2016,1.44481,1
01/03/2016,1.434881,0
02/03/2016,1.429916,0
03/03/2016,1.426607,0
04/03/2016,1.422588,0
07/03/2016,1.410707,0
08/03/2016,1.405875,0
09/03/2016,1.402929,0
10/03/2016,1.40182,0
11/03/2016,1.397694,0
14/03/2016,1.396167,0
15/03/2016,1.395536,0
16/03/2016,1.394013,0
17/03/2016,1.38606,0
18/03/2016,1.362646,0
21/03/2016,1.354229,0
22/03/2016,1.356537,1
23/03/2016,1.357309,1
24/03/2016,1.3688,1
25/03/2016,1.37428,1
28/03/2016,1.381126,1
29/03/2016,1.390427,1
30/03/2016,1.389661,0
31/03/2016,1.385526,0
01/04/2016,1.3803,0
04/04/2016,1.374681,0
05/04/2016,1.369509,0
07/04/2016,1.363897,0
08/04/2016,1.362391,0
11/04/2016,1.359904,0
12/04/2016,1.35655,0
18/04/2016,1.354455,0
19/04/2016,1.353558,0
20/04/2016,1.351845,0
21/04/2016,1.358833,1
22/04/2016,1.3589,1
25/04/2016,1.359135,1
26/04/2016,1.372532,1
27/04/2016,1.376717,1
28/04/2016,1.37684,1
29/04/2016,1.384162,1
03/05/2016,1.387773,1
04/05/2016,1.384599,0
09/05/2016,1.37874,0
10/05/2016,1.379014,1
11/05/2016,1.379324,1
12/05/2016,1.379392,1
13/05/2016,1.379921,1
16/05/2016,1.381291,1
17/05/2016,1.416866,1
18/05/2016,1.433108,1
19/05/2016,1.45332,1
23/05/2016,1.460465,1
24/05/2016,1.474167,1
25/05/2016,1.47455,1
26/05/2016,1.483889,1
27/05/2016,1.486288,1
30/05/2016,1.486083,0
31/05/2016,1.490903,1
01/06/2016,1.494164,1
02/06/2016,1.493756,0
03/06/2016,1.493399,0
06/06/2016,1.492588,0
07/06/2016,1.490865,0
08/06/2016,1.486987,0
09/06/2016,1.468946,0
10/06/2016,1.456305,0
13/06/2016,1.452896,0
14/06/2016,1.452789,0
15/06/2016,1.452479,0
16/06/2016,1.453926,1
17/06/2016,1.451929,0
20/06/2016,1.449839,0
21/06/2016,1.445337,0
22/06/2016,1.448169,1
23/06/2016,1.44997,1
24/06/2016,1.446721,0
27/06/2016,1.442646,0
28/06/2016,1.456352,1
29/06/2016,1.460354,1
30/06/2016,1.46123,1
04/07/2016,1.45723,0
05/07/2016,1.456975,0
06/07/2016,1.456787,0
07/07/2016,1.453017,0
08/07/2016,1.449096,0
11/07/2016,1.445137,0
12/07/2016,1.449815,1
13/07/2016,1.447297,0
14/07/2016,1.446115,0
15/07/2016,1.446501,1
20/07/2016,1.449204,1
21/07/2016,1.450128,1
22/07/2016,1.452965,1
25/07/2016,1.462113,1
26/07/2016,1.466758,1
27/07/2016,1.46916,1
28/07/2016,1.470133,1
29/07/2016,1.469844,0
01/08/2016,1.463479,0
02/08/2016,1.460522,0
03/08/2016,1.456416,0
04/08/2016,1.455406,0
05/08/2016,1.453998,0
08/08/2016,1.45567,1
09/08/2016,1.462038,1
10/08/2016,1.464374,1
11/08/2016,1.466571,1
15/08/2016,1.471285,1
16/08/2016,1.473394,1
17/08/2016,1.47417,1
18/08/2016,1.474473,1
19/08/2016,1.475199,1
22/08/2016,1.474869,0
23/08/2016,1.47747,1
24/08/2016,1.477259,0
25/08/2016,1.478114,1
26/08/2016,1.477832,0
29/08/2016,1.478072,1
30/08/2016,1.485886,1
31/08/2016,1.48995,1
01/09/2016,1.490899,1
02/09/2016,1.49394,1
05/09/2016,1.495561,1
06/09/2016,1.496091,1
07/09/2016,1.495727,0
08/09/2016,1.494772,0
09/09/2016,1.494488,0
12/09/2016,1.494457,0
13/09/2016,1.49445,0
14/09/2016,1.494447,0
15/09/2016,1.494447,1
16/09/2016,1.494447,1
19/09/2016,1.495068,1
20/09/2016,1.497208,1
21/09/2016,1.497991,1
22/09/2016,1.498754,1
23/09/2016,1.498406,0
26/09/2016,1.497174,0
27/09/2016,1.497983,1
28/09/2016,1.498309,1
29/09/2016,1.498391,1
30/09/2016,1.498411,1
03/10/2016,1.498413,1
04/10/2016,1.497173,0
05/10/2016,1.496742,0
06/10/2016,1.495448,0
07/10/2016,1.496278,1
10/10/2016,1.496394,1
11/10/2016,1.496408,1
12/10/2016,1.496429,1
13/10/2016,1.496432,1
14/10/2016,1.495191,0
17/10/2016,1.494664,0
18/10/2016,1.494478,0
19/10/2016,1.494457,0
20/10/2016,1.494451,0
21/10/2016,1.494449,0
25/10/2016,1.49817,1
26/10/2016,1.499269,1
27/10/2016,1.500788,1
28/10/2016,1.500655,0
31/10/2016,1.501086,1
01/11/2016,1.500388,0
02/11/2016,1.50102,1
03/11/2016,1.500681,0
04/11/2016,1.501381,1
07/11/2016,1.501392,1
08/11/2016,1.500773,0
09/11/2016,1.500495,0
10/11/2016,1.501046,1
11/11/2016,1.502055,1
14/11/2016,1.504042,1
15/11/2016,1.505531,1
16/11/2016,1.505841,1
17/11/2016,1.506105,1
18/11/2016,1.507241,1
21/11/2016,1.506528,0
22/11/2016,1.506315,0
23/11/2016,1.506288,0
24/11/2016,1.505044,0
25/11/2016,1.504611,0
28/11/2016,1.504487,0
29/11/2016,1.505628,1
30/11/2016,1.507756,1
01/12/2016,1.510131,1
02/12/2016,1.512041,1
06/12/2016,1.523693,1
07/12/2016,1.530236,1
08/12/2016,1.530682,1
09/12/2016,1.532519,1
13/12/2016,1.54114,1
14/12/2016,1.543334,1
15/12/2016,1.547973,1
16/12/2016,1.551746,1
19/12/2016,1.555195,1
20/12/2016,1.557991,1
21/12/2016,1.558713,1
22/12/2016,1.559547,1
23/12/2016,1.559229,0
26/12/2016,1.559025,0
27/12/2016,1.558966,0
28/12/2016,1.552757,0
29/12/2016,1.537715,0
30/12/2016,1.532609,0
04/01/2017,1.531036,0
05/01/2017,1.530743,0
06/01/2017,1.526823,0
09/01/2017,1.524843,0
10/01/2017,1.521579,0
11/01/2017,1.525117,1
12/01/2017,1.520772,0
13/01/2017,1.520818,1
16/01/2017,1.521428,1
17/01/2017,1.522595,1
18/01/2017,1.519411,0
19/01/2017,1.522404,1
20/01/2017,1.522508,1
23/01/2017,1.521607,0
24/01/2017,1.521397,0
25/01/2017,1.521373,0
26/01/2017,1.522157,1
27/01/2017,1.519737,0
30/01/2017,1.51896,0
31/01/2017,1.518888,0
01/02/2017,1.519753,1
02/02/2017,1.521836,1
03/02/2017,1.52093,0
06/02/2017,1.519462,0
07/02/2017,1.519344,0
08/02/2017,1.518621,0
09/02/2017,1.518122,0
10/02/2017,1.519449,1
14/02/2017,1.518545,0
15/02/2017,1.51852,0
16/02/2017,1.517179,0
17/02/2017,1.516513,0
20/02/2017,1.515868,0
21/02/2017,1.517143,1
22/02/2017,1.517743,1
23/02/2017,1.516864,0
24/02/2017,1.517599,1
27/02/2017,1.516811,0
28/02/2017,1.518217,1
01/03/2017,1.519586,1
02/03/2017,1.519849,1
03/03/2017,1.519988,1
06/03/2017,1.520004,1
07/03/2017,1.520005,1
08/03/2017,1.520099,1
09/03/2017,1.520567,1
10/03/2017,1.52056,0
13/03/2017,1.522273,1
14/03/2017,1.534844,1
15/03/2017,1.540333,1
16/03/2017,1.5417,1
17/03/2017,1.542898,1
20/03/2017,1.542813,0
21/03/2017,1.544201,1
22/03/2017,1.544976,1
23/03/2017,1.547561,1
24/03/2017,1.549312,1
27/03/2017,1.552924,1
28/03/2017,1.552842,0
29/03/2017,1.550448,0
30/03/2017,1.549037,0
31/03/2017,1.545899,0
03/04/2017,1.534572,0
04/04/2017,1.518389,0
05/04/2017,1.516297,0
07/04/2017,1.510973,0
10/04/2017,1.512001,1
11/04/2017,1.511308,0
12/04/2017,1.509484,0
17/04/2017,1.506032,0
18/04/2017,1.505654,0
19/04/2017,1.504581,0
20/04/2017,1.505293,1
21/04/2017,1.504586,0
24/04/2017,1.503294,0
25/04/2017,1.504439,1
26/04/2017,1.503917,0
27/04/2017,1.502117,0
28/04/2017,1.49949,0
02/05/2017,1.500661,1
03/05/2017,1.497209,0
04/05/2017,1.499895,1
05/05/2017,1.498978,0
08/05/2017,1.499361,1
09/05/2017,1.498784,0
11/05/2017,1.500333,1
12/05/2017,1.49852,0
15/05/2017,1.500304,1
16/05/2017,1.498172,0
17/05/2017,1.497508,0
18/05/2017,1.497684,1
19/05/2017,1.497344,0
22/05/2017,1.497495,1
23/05/2017,1.497763,1
24/05/2017,1.498245,1
25/05/2017,1.498091,0
26/05/2017,1.497499,0
29/05/2017,1.497323,0
30/05/2017,1.498689,1
31/05/2017,1.497565,0
01/06/2017,1.49645,0
02/06/2017,1.497096,1
05/06/2017,1.497734,1
06/06/2017,1.493157,0
07/06/2017,1.488808,0
08/06/2017,1.488565,0
09/06/2017,1.488756,1
12/06/2017,1.487619,0
13/06/2017,1.486521,0
14/06/2017,1.486883,1
15/06/2017,1.486233,0
16/06/2017,1.486613,1
19/06/2017,1.485602,0
20/06/2017,1.485854,1
21/06/2017,1.484131,0
22/06/2017,1.482823,0
23/06/2017,1.483351,1
26/06/2017,1.482626,0
27/06/2017,1.482435,0
28/06/2017,1.48462,1
29/06/2017,1.485083,1
30/06/2017,1.484579,0
03/07/2017,1.48623,1
04/07/2017,1.486894,1
05/07/2017,1.486719,0
06/07/2017,1.482473,0
07/07/2017,1.479954,0
11/07/2017,1.479431,0
12/07/2017,1.477727,0
13/07/2017,1.475089,0
14/07/2017,1.472482,0
17/07/2017,1.467607,0
18/07/2017,1.458113,0
19/07/2017,1.450489,0
20/07/2017,1.448721,0
21/07/2017,1.446335,0
24/07/2017,1.442443,0
25/07/2017,1.440641,0
26/07/2017,1.440058,0
27/07/2017,1.439142,0
31/07/2017,1.431165,0
01/08/2017,1.423991,0
02/08/2017,1.414156,0
03/08/2017,1.399996,0
04/08/2017,1.393214,0
07/08/2017,1.382287,0
08/08/2017,1.381261,0
09/08/2017,1.374574,0
10/08/2017,1.374003,0
11/08/2017,1.377394,1
15/08/2017,1.414844,1
16/08/2017,1.431494,1
17/08/2017,1.435009,1
18/08/2017,1.437783,1
21/08/2017,1.443633,1
22/08/2017,1.443463,0
23/08/2017,1.44207,0
24/08/2017,1.444328,1
25/08/2017,1.445601,1
28/08/2017,1.446645,1
29/08/2017,1.446766,1
30/08/2017,1.447527,1
31/08/2017,1.446036,0
01/09/2017,1.44574,0
04/09/2017,1.445563,0
05/09/2017,1.443084,0
06/09/2017,1.441129,0
07/09/2017,1.439913,0
08/09/2017,1.438827,0
11/09/2017,1.435913,0
12/09/2017,1.431909,0
13/09/2017,1.432551,1
14/09/2017,1.431797,0
15/09/2017,1.430282,0
18/09/2017,1.42676,0
19/09/2017,1.422033,0
20/09/2017,1.41759,0
21/09/2017,1.415676,0
22/09/2017,1.417569,1
25/09/2017,1.414839,0
26/09/2017,1.416033,1
27/09/2017,1.41948,1
28/09/2017,1.422235,1
29/09/2017,1.422064,0
02/10/2017,1.426472,1
03/10/2017,1.428179,1
04/10/2017,1.432182,1
05/10/2017,1.432344,1
06/10/2017,1.432982,1
09/10/2017,1.434837,1
10/10/2017,1.429911,0
11/10/2017,1.423473,0
12/10/2017,1.420673,0
16/10/2017,1.41858,0
17/10/2017,1.414458,0
18/10/2017,1.41433,0
19/10/2017,1.413086,0
20/10/2017,1.411624,0
24/10/2017,1.411274,0
25/10/2017,1.409663,0
27/10/2017,1.408336,0
30/10/2017,1.408416,1
31/10/2017,1.406418,0
01/11/2017,1.40547,0
02/11/2017,1.403563,0
03/11/2017,1.402428,0
06/11/2017,1.397423,0
07/11/2017,1.398638,1
08/11/2017,1.396225,0
09/11/2017,1.39892,1
10/11/2017,1.409299,1
13/11/2017,1.422143,1
14/11/2017,1.428932,1
15/11/2017,1.430034,1
16/11/2017,1.429224,0
17/11/2017,1.428743,0
20/11/2017,1.431639,1
21/11/2017,1.432473,1
22/11/2017,1.435573,1
23/11/2017,1.437574,1
24/11/2017,1.435175,0
27/11/2017,1.436247,1
28/11/2017,1.441242,1
29/11/2017,1.441289,1
30/11/2017,1.44289,1
01/12/2017,1.443578,1
04/12/2017,1.453182,1
06/12/2017,1.457843,1
07/12/2017,1.458641,1
08/12/2017,1.459649,1
12/12/2017,1.463906,1
13/12/2017,1.465199,1
14/12/2017,1.465249,1
15/12/2017,1.465294,1
18/12/2017,1.464898,0
19/12/2017,1.463762,0
20/12/2017,1.456983,0
21/12/2017,1.453604,0
22/12/2017,1.451598,0
25/12/2017,1.449609,0
26/12/2017,1.439113,0
27/12/2017,1.431579,0
28/12/2017,1.427278,0
29/12/2017,1.42425,0
03/01/2018,1.425544,1
04/01/2018,1.422543,0
05/01/2018,1.41444,0
08/01/2018,1.410541,0
09/01/2018,1.420056,1
10/01/2018,1.422449,1
11/01/2018,1.419301,0
12/01/2018,1.416053,0
15/01/2018,1.414596,0
16/01/2018,1.413224,0
17/01/2018,1.414285,1
18/01/2018,1.413488,0
19/01/2018,1.411674,0
22/01/2018,1.413272,1
23/01/2018,1.414919,1
24/01/2018,1.413634,0
25/01/2018,1.415348,1
26/01/2018,1.416487,1
29/01/2018,1.418637,1
30/01/2018,1.418264,0
31/01/2018,1.415094,0
01/02/2018,1.413837,0
02/02/2018,1.41475,1
05/02/2018,1.413976,0
06/02/2018,1.412213,0
07/02/2018,1.410256,0
08/02/2018,1.407957,0
09/02/2018,1.406876,0
12/02/2018,1.407049,1
13/02/2018,1.408271,1
14/02/2018,1.40784,0
15/02/2018,1.408508,1
16/02/2018,1.407841,0
19/02/2018,1.406879,0
20/02/2018,1.405008,0
21/02/2018,1.400823,0
22/02/2018,1.399658,0
23/02/2018,1.396512,0
26/02/2018,1.393982,0
27/02/2018,1.393074,0
28/02/2018,1.386206,0
02/03/2018,1.382396,0
05/03/2018,1.37926,0
06/03/2018,1.376591,0
07/03/2018,1.375234,0
08/03/2018,1.37254,0
09/03/2018,1.368442,0
12/03/2018,1.367832,0
13/03/2018,1.355735,0
14/03/2018,1.350133,0
15/03/2018,1.34703,0
16/03/2018,1.342448,0
19/03/2018,1.341214,0
20/03/2018,1.339322,0
21/03/2018,1.336212,0
22/03/2018,1.334879,0
23/03/2018,1.331234,0
26/03/2018,1.331484,1
27/03/2018,1.338138,1
28/03/2018,1.348147,1
29/03/2018,1.340053,0
30/03/2018,1.334406,0
02/04/2018,1.330239,0
03/04/2018,1.333511,1
04/04/2018,1.336708,1
05/04/2018,1.336245,0
09/04/2018,1.332768,0
10/04/2018,1.341458,1
11/04/2018,1.35681,1
12/04/2018,1.36335,1
17/04/2018,1.362112,0
18/04/2018,1.364267,1
19/04/2018,1.36948,1
20/04/2018,1.381504,1
23/04/2018,1.389134,1
24/04/2018,1.403594,1
25/04/2018,1.409839,1
26/04/2018,1.414994,1
27/04/2018,1.417855,1
30/04/2018,1.426158,1
02/05/2018,1.435195,1
03/05/2018,1.439181,1
04/05/2018,1.44088,1
07/05/2018,1.443822,1
08/05/2018,1.460572,1
09/05/2018,1.478115,1
10/05/2018,1.485437,1
11/05/2018,1.49135,1
14/05/2018,1.495002,1
15/05/2018,1.500844,1
16/05/2018,1.502195,1
17/05/2018,1.506334,1
18/05/2018,1.507865,1
21/05/2018,1.516472,1
22/05/2018,1.521461,1
23/05/2018,1.528808,1
24/05/2018,1.544025,1
25/05/2018,1.544241,1
28/05/2018,1.542748,0
30/05/2018,1.546577,1
31/05/2018,1.559601,1
01/06/2018,1.570215,1
04/06/2018,1.571681,1
05/06/2018,1.570223,0
06/06/2018,1.567397,0
07/06/2018,1.553642,0
08/06/2018,1.545269,0
11/06/2018,1.539434,0
12/06/2018,1.535894,0
13/06/2018,1.530583,0
14/06/2018,1.529365,0
15/06/2018,1.529696,1
18/06/2018,1.536817,1
19/06/2018,1.545334,1
20/06/2018,1.549536,1
21/06/2018,1.552195,1
22/06/2018,1.551042,0
25/06/2018,1.549533,0
26/06/2018,1.54798,0
27/06/2018,1.5479,0
28/06/2018,1.549008,1
29/06/2018,1.549766,1
02/07/2018,1.549005,0
03/07/2018,1.554893,1
04/07/2018,1.555592,1
05/07/2018,1.55696,1
06/07/2018,1.55697,1
09/07/2018,1.555354,0
10/07/2018,1.558171,1
11/07/2018,1.557413,0
12/07/2018,1.560997,1
13/07/2018,1.560956,0
16/07/2018,1.559292,0
17/07/2018,1.56024,1
18/07/2018,1.559862,0
19/07/2018,1.562916,1
20/07/2018,1.559437,0
23/07/2018,1.55921,0
24/07/2018,1.556339,0
25/07/2018,1.554667,0
26/07/2018,1.55359,0
31/07/2018,1.552705,0
01/08/2018,1.547999,0
02/08/2018,1.547455,0
03/08/2018,1.545339,0
06/08/2018,1.545595,1
07/08/2018,1.559883,1
08/08/2018,1.571405,1
09/08/2018,1.578462,1
10/08/2018,1.577245,0
14/08/2018,1.57844,1
15/08/2018,1.579813,1
16/08/2018,1.578857,0
17/08/2018,1.579342,1
20/08/2018,1.584759,1
21/08/2018,1.58644,1
22/08/2018,1.586532,1
23/08/2018,1.595434,1
24/08/2018,1.599667,1
27/08/2018,1.612172,1
28/08/2018,1.612201,1
29/08/2018,1.612757,1
30/08/2018,1.614657,1
31/08/2018,1.619992,1
03/09/2018,1.648443,1
04/09/2018,1.672107,1
05/09/2018,1.677458,1
06/09/2018,1.682975,1
07/09/2018,1.68358,1
10/09/2018,1.70307,1
11/09/2018,1.707784,1
12/09/2018,1.707753,0
13/09/2018,1.711468,1
14/09/2018,1.711453,0
17/09/2018,1.717384,1
18/09/2018,1.729664,1
19/09/2018,1.735524,1
20/09/2018,1.739479,1
21/09/2018,1.738858,0
24/09/2018,1.739767,1
25/09/2018,1.743455,1
26/09/2018,1.74372,1
27/09/2018,1.741013,0
28/09/2018,1.740632,0
01/10/2018,1.741976,1
02/10/2018,1.742294,1
03/10/2018,1.742433,1
04/10/2018,1.744957,1
05/10/2018,1.74801,1
08/10/2018,1.753803,1
09/10/2018,1.77052,1
10/10/2018,1.776121,1
11/10/2018,1.7804,1
12/10/2018,1.783893,1
16/10/2018,1.789715,1
17/10/2018,1.788901,0
18/10/2018,1.796211,1
19/10/2018,1.79898,1
22/10/2018,1.803665,1
24/10/2018,1.806507,1
25/10/2018,1.808075,1
26/10/2018,1.811118,1
29/10/2018,1.809649,0
30/10/2018,1.811203,1
31/10/2018,1.805586,0
01/11/2018,1.799658,0
02/11/2018,1.794195,0
05/11/2018,1.789706,0
06/11/2018,1.768365,0
07/11/2018,1.755863,0
08/11/2018,1.753191,0
09/11/2018,1.751254,0
12/11/2018,1.748916,0
13/11/2018,1.737931,0
14/11/2018,1.740027,1
15/11/2018,1.735704,0
16/11/2018,1.734785,0
19/11/2018,1.730587,0
20/11/2018,1.725364,0
21/11/2018,1.719793,0
22/11/2018,1.714633,0
23/11/2018,1.713368,0
26/11/2018,1.716632,1
27/11/2018,1.717412,1
28/11/2018,1.717633,1
29/11/2018,1.71353,0
30/11/2018,1.712568,0
03/12/2018,1.730711,1
04/12/2018,1.725865,0
06/12/2018,1.725311,0
07/12/2018,1.725783,1
11/12/2018,1.725868,1
12/12/2018,1.725879,1
13/12/2018,1.722096,0
14/12/2018,1.722765,1
17/12/2018,1.725119,1
18/12/2018,1.765536,1
19/12/2018,1.758101,0
20/12/2018,1.757688,0
21/12/2018,1.758082,1
24/12/2018,1.755063,0
25/12/2018,1.75357,0
26/12/2018,1.75077,0
27/12/2018,1.755636,1
28/12/2018,1.751841,0
02/01/2019,1.747219,0
03/01/2019,1.743814,0
04/01/2019,1.742844,0
07/01/2019,1.744979,1
08/01/2019,1.747486,1
09/01/2019,1.746897,0
10/01/2019,1.743503,0
11/01/2019,1.743946,1
14/01/2019,1.742886,0
15/01/2019,1.743812,1
16/01/2019,1.743985,1
17/01/2019,1.745369,1
18/01/2019,1.747735,1
21/01/2019,1.747449,0
22/01/2019,1.75361,1
23/01/2019,1.756673,1
24/01/2019,1.7568,1
25/01/2019,1.760652,1
28/01/2019,1.764761,1
29/01/2019,1.76522,1
30/01/2019,1.769937,1
31/01/2019,1.769184,0
01/02/2019,1.769971,1
04/02/2019,1.770963,1
05/02/2019,1.767656,0
06/02/2019,1.767669,1
07/02/2019,1.768294,1
08/02/2019,1.76997,1
11/02/2019,1.768528,0
12/02/2019,1.769999,1
13/02/2019,1.770431,1
14/02/2019,1.770485,1
15/02/2019,1.770491,1
18/02/2019,1.770492,1
20/02/2019,1.770492,1
21/02/2019,1.770492,1
22/02/2019,1.770492,1
25/02/2019,1.770492,1
26/02/2019,1.778577,1
27/02/2019,1.782406,1
28/02/2019,1.78791,1
01/03/2019,1.789447,1
04/03/2019,1.797627,1
05/03/2019,1.80063,1
06/03/2019,1.80163,1
07/03/2019,1.803129,1
08/03/2019,1.8021,0
11/03/2019,1.800891,0
12/03/2019,1.802364,1
13/03/2019,1.802875,1
14/03/2019,1.806347,1
15/03/2019,1.804214,0
18/03/2019,1.802701,0
19/03/2019,1.802802,1
20/03/2019,1.799365,0
21/03/2019,1.797295,0
22/03/2019,1.797012,0
25/03/2019,1.796118,0
26/03/2019,1.796741,1
27/03/2019,1.796943,1
28/03/2019,1.796968,1
29/03/2019,1.796971,1
01/04/2019,1.797707,1
02/04/2019,1.798426,1
03/04/2019,1.798516,1
04/04/2019,1.796174,0
05/04/2019,1.796748,1
09/04/2019,1.795705,0
10/04/2019,1.796689,1
11/04/2019,1.796936,1
12/04/2019,1.796382,0
17/04/2019,1.796774,1
18/04/2019,1.797297,1
19/04/2019,1.797072,0
22/04/2019,1.797603,1
23/04/2019,1.798413,1
24/04/2019,1.798515,1
25/04/2019,1.798651,1
26/04/2019,1.798668,1
29/04/2019,1.799592,1
30/04/2019,1.80131,1
02/05/2019,1.799248,0
03/05/2019,1.798743,0
07/05/2019,1.797856,0
08/05/2019,1.79813,1
09/05/2019,1.79724,0
10/05/2019,1.797538,1
13/05/2019,1.797908,1
14/05/2019,1.798994,1
15/05/2019,1.798577,0
16/05/2019,1.797969,0
17/05/2019,1.798584,1
21/05/2019,1.798861,1
22/05/2019,1.798985,1
23/05/2019,1.799884,1
24/05/2019,1.802388,1
27/05/2019,1.804101,1
28/05/2019,1.804519,1
29/05/2019,1.802623,0
30/05/2019,1.807117,1
31/05/2019,1.805504,0
04/06/2019,1.80555,1
05/06/2019,1.804115,0
06/06/2019,1.80121,0
07/06/2019,1.801714,1
10/06/2019,1.800325,0
11/06/2019,1.800437,1
12/06/2019,1.797164,0
13/06/2019,1.794518,0
14/06/2019,1.793168,0
17/06/2019,1.794473,1
18/06/2019,1.795349,1
19/06/2019,1.795737,1
20/06/2019,1.790912,0
21/06/2019,1.791754,1
24/06/2019,1.791983,1
25/06/2019,1.792398,1
26/06/2019,1.790731,0
27/06/2019,1.790492,0
28/06/2019,1.790368,0
01/07/2019,1.787845,0
02/07/2019,1.764359,0
03/07/2019,1.756591,0
04/07/2019,1.760074,1
05/07/2019,1.758808,0
08/07/2019,1.758816,1
09/07/2019,1.758119,0
10/07/2019,1.757749,0
11/07/2019,1.755725,0
12/07/2019,1.758066,1
15/07/2019,1.756399,0
17/07/2019,1.754604,0
18/07/2019,1.754132,0
19/07/2019,1.754073,0
22/07/2019,1.757787,1
23/07/2019,1.758545,1
24/07/2019,1.756518,0
25/07/2019,1.755242,0
26/07/2019,1.754705,0
30/07/2019,1.752906,0
31/07/2019,1.751885,0
01/08/2019,1.748778,0
02/08/2019,1.728821,0
05/08/2019,1.708028,0
06/08/2019,1.685133,0
07/08/2019,1.524846,0
08/08/2019,1.443392,0
09/08/2019,1.441627,0
13/08/2019,1.443407,1
14/08/2019,1.462708,1
15/08/2019,1.462932,1
16/08/2019,1.465924,1
19/08/2019,1.473634,1
20/08/2019,1.489097,1
21/08/2019,1.490464,1
22/08/2019,1.489306,0
23/08/2019,1.489188,0
26/08/2019,1.477038,0
27/08/2019,1.470184,0
28/08/2019,1.424289,0
29/08/2019,1.407672,0
30/08/2019,1.407608,0
02/09/2019,1.406773,0
03/09/2019,1.408263,1
04/09/2019,1.408406,1
05/09/2019,1.412085,1
06/09/2019,1.413041,1
09/09/2019,1.413285,1
10/09/2019,1.414556,1
11/09/2019,1.412552,0
12/09/2019,1.410741,0
13/09/2019,1.40624,0
16/09/2019,1.401635,0
17/09/2019,1.400563,0
18/09/2019,1.400181,0
19/09/2019,1.401262,1
20/09/2019,1.398053,0
23/09/2019,1.394113,0
24/09/2019,1.393143,0
25/09/2019,1.393419,1
26/09/2019,1.393453,1
27/09/2019,1.393457,1
30/09/2019,1.397471,1
01/10/2019,1.399809,1
02/10/2019,1.402063,1
03/10/2019,1.400416,0
04/10/2019,1.40071,1
07/10/2019,1.401519,1
08/10/2019,1.405796,1
09/10/2019,1.40484,0
10/10/2019,1.403948,0
11/10/2019,1.402647,0
15/10/2019,1.402405,0
16/10/2019,1.402666,1
17/10/2019,1.404601,1
18/10/2019,1.409006,1
21/10/2019,1.421099,1
22/10/2019,1.427211,1
24/10/2019,1.428307,1
25/10/2019,1.430102,1
28/10/2019,1.431946,1
29/10/2019,1.43643,1
30/10/2019,1.437341,1
31/10/2019,1.436261,0
01/11/2019,1.431835,0
04/11/2019,1.428032,0
05/11/2019,1.426728,0
06/11/2019,1.337056,0
07/11/2019,1.317095,0
08/11/2019,1.31817,1
11/11/2019,1.318679,1
12/11/2019,1.310002,0
13/11/2019,1.308882,0
14/11/2019,1.306847,0
15/11/2019,1.3082,1
18/11/2019,1.308461,1
19/11/2019,1.306392,0
20/11/2019,1.30263,0
21/11/2019,1.301315,0
22/11/2019,1.30109,0
25/11/2019,1.297189,0
26/11/2019,1.294756,0
27/11/2019,1.291302,0
28/11/2019,1.289205,0
29/11/2019,1.282172,0
02/12/2019,1.282422,1
03/12/2019,1.268069,0
04/12/2019,1.252979,0
06/12/2019,1.249881,0
09/12/2019,1.245892,0
11/12/2019,1.243643,0
12/12/2019,1.241113,0
13/12/2019,1.238678,0
16/12/2019,1.237801,0
17/12/2019,1.236649,0
18/12/2019,1.232009,0
19/12/2019,1.230002,0
20/12/2019,1.22697,0
23/12/2019,1.224242,0
24/12/2019,1.218597,0
25/12/2019,1.2179,0
26/12/2019,1.216718,0
27/12/2019,1.215261,0
30/12/2019,1.21334,0
02/01/2020,1.194111,0
03/01/2020,1.176283,0
06/01/2020,1.163145,0
07/01/2020,1.155755,0
08/01/2020,1.153034,0
09/01/2020,1.154723,1
10/01/2020,1.152268,0
13/01/2020,1.15446,1
14/01/2020,1.155102,1
15/01/2020,1.154068,0
16/01/2020,1.153843,0
17/01/2020,1.156028,1
20/01/2020,1.155692,0
21/01/2020,1.154381,0
22/01/2020,1.154278,0
23/01/2020,1.154643,1
24/01/2020,1.147389,0
27/01/2020,1.140285,0
28/01/2020,1.140416,1
29/01/2020,1.136869,0
30/01/2020,1.133756,0
31/01/2020,1.126614,0
03/02/2020,1.117294,0
04/02/2020,1.091966,0
05/02/2020,1.039242,0
06/02/2020,1.009964,0
07/02/2020,0.994783,0
11/02/2020,0.993573,0
12/02/2020,0.995785,1
13/02/2020,0.986041,0
14/02/2020,0.977707,0
17/02/2020,0.965715,0
